features,label
"[ 6.3540859e+00  2.1768043e+00  2.3446571e+01 -4.3830982e-01
 -8.4534588e+00 -1.4794196e-01  7.0477934e+00 -3.6780795e-01
  1.8197140e+00 -3.3186900e-04 -6.5266624e-02 -2.6857200e-01
  2.4447374e+00 -5.3006835e-02  3.8258735e-02 -1.5868798e-01
  4.9175602e-01 -1.4928518e-01  9.3463719e-01 -1.5105064e-01
  3.2798495e-02 -1.6624621e-01  1.4117773e-01 -1.8116628e-01
  3.7832803e-01 -1.7980666e-01 -3.2637337e-01 -1.4537871e-01
 -1.1984721e-02 -1.7310594e-01 -1.0962228e-01 -1.3192685e-01
 -9.5271125e-02 -1.3087910e-01 -1.9652496e-01 -1.3225681e-01
 -1.9985473e-02 -1.2446735e-01 -4.1497028e-01 -1.4873296e-01]",congolese hip hop and rap
"[-2.5184374e+01  7.7229128e+00  2.9224483e+01  7.2416705e-01
  5.0022423e-01  2.1553805e+00 -5.1779256e+00  9.4779134e-01
  1.0256809e+00  1.9278656e-01  2.5818343e+00  5.2711105e-01
 -5.2697271e-01  4.7679037e-01 -1.8868202e+00  1.7279245e-01
 -7.8404748e-01  1.5517087e-01  1.9324850e-02  2.2287507e-01
 -2.1238980e-01  1.0564450e-01 -5.3843945e-01  1.0694515e-02
 -6.0751545e-01  8.6218953e-02 -1.5723354e-01  8.0434904e-02
  3.3346799e-01 -1.6093236e-01 -2.2602275e-01  4.2315140e-02
  9.9394778e-03  5.2102402e-02 -6.3971257e-01 -1.9996980e-01
  1.8582310e-01 -1.1592558e-02 -1.9090632e-01 -3.5053499e-02]",congolese hip hop and rap
"[ 1.8562604e+00  3.1284349e+00  2.3664066e+01 -2.8056529e-01
 -7.3124938e+00 -2.3042042e-02  7.8864350e+00 -4.2065990e-01
 -2.1723483e-02  4.3155666e-02  6.7848794e-02 -3.6218974e-01
  2.5980606e+00 -1.6471471e-01 -7.6804137e-01 -2.3631291e-01
  5.3035766e-01 -1.6085006e-01  7.2411430e-01 -1.7232665e-01
 -4.6173476e-02 -1.6272326e-01  3.5777226e-01 -1.4051481e-01
  2.5428012e-01 -1.6247258e-01 -7.9773992e-01 -1.2635110e-01
  1.2269058e-01 -1.6815543e-01 -6.1852757e-02 -1.2403884e-01
 -4.1493776e-01 -1.4351137e-01  1.0853280e-01 -1.4518151e-01
 -2.4820995e-01 -1.5435018e-01 -3.9162114e-01 -1.8248059e-01]",congolese hip hop and rap
"[-8.75501060e+00  3.45202661e+00  2.73044167e+01 -1.60378858e-01
 -6.81832409e+00  6.07787073e-01  3.82419848e+00 -1.26419082e-01
  2.65012455e+00  9.73343179e-02 -1.32309484e+00 -2.83921033e-01
  2.18886232e+00 -2.11839244e-01  7.73920298e-01 -8.19580033e-02
 -5.17713487e-01 -7.43359551e-02  4.05863494e-01 -2.10729986e-02
 -1.81145415e-01 -4.93720099e-02 -5.53004265e-01 -3.17909345e-02
 -9.95149016e-02 -8.86527002e-02  8.07634518e-02 -3.13753188e-02
  2.50497367e-03 -1.28540367e-01 -2.20854834e-01 -9.96291339e-02
  4.44183081e-01 -1.19109869e-01 -6.35666609e-01 -1.15828671e-01
 -2.33768243e-02 -4.76712696e-02 -4.33053702e-01 -1.00486934e-01]",congolese hip hop and rap
"[ 3.19960713e+00  3.52801156e+00  2.44185410e+01 -6.08817004e-02
 -7.95003605e+00  3.13840002e-01  7.08846855e+00 -2.90903628e-01
  3.22113782e-01  1.35141313e-01  3.37465815e-02 -2.92377770e-01
  2.56127763e+00 -6.19036630e-02 -8.68199885e-01 -1.92785889e-01
  2.20874488e-01 -1.90049574e-01  3.32827657e-01 -1.67823553e-01
 -5.96290410e-01 -1.39778927e-01 -5.59721179e-02 -7.31984228e-02
  7.14473203e-02 -1.08638629e-01 -6.66304767e-01 -4.42744493e-02
  5.43318689e-02 -8.74396265e-02  6.78074453e-03 -3.11659221e-02
 -5.17133176e-01 -4.54762913e-02  2.27392819e-02 -6.74317256e-02
 -4.29772317e-01 -8.48726928e-02 -6.36667728e-01 -1.17299035e-01]",congolese hip hop and rap
"[-1.60525208e+01  3.30431771e+00  2.87381020e+01 -3.85520816e-01
 -3.99342322e+00  3.67686361e-01  1.40468538e+00 -3.85857314e-01
  4.71037292e+00  8.58039781e-02 -1.64039999e-01  4.60139854e-04
 -1.06749281e-01 -2.16407895e-01  9.43169296e-01 -1.39596760e-01
 -1.80027738e-01 -1.24999255e-01 -2.31902540e-01 -1.74899608e-01
  5.00024736e-01 -1.60681516e-01  3.73959988e-01 -1.70181394e-01
 -1.03543207e-01 -2.09123686e-01  6.93242773e-02 -9.25820619e-02
  4.98078138e-01 -2.20443264e-01 -2.13952228e-01 -8.75685886e-02
  8.74280930e-03 -1.27160326e-01 -4.71703857e-01 -1.60898194e-01
 -7.68911466e-02 -5.34333028e-02 -3.53798538e-01 -1.41099110e-01]",congolese hip hop and rap
"[-3.0456070e+01  8.6199656e+00  2.7799353e+01 -8.6265638e-02
  7.0927868e+00  1.7206675e+00 -2.4827702e+00  1.6984231e+00
 -1.6709095e+00  4.1763395e-01  1.6227119e+00  7.9669515e-03
  1.9821776e+00  3.2222012e-01 -3.0833635e-02  4.4670907e-01
 -1.4941530e+00  2.0942177e-01 -1.3962822e+00  2.9541748e-02
 -6.3482362e-01  6.6808984e-02  4.5988940e-02  1.3748935e-01
  4.2715406e-01  5.6189198e-02  4.2651716e-01 -8.7181926e-02
 -2.0600590e-01 -1.7265224e-01 -9.2425770e-01  1.9450399e-01
  4.9098372e-01  2.1551711e-02 -2.4097429e-01 -3.2903224e-01
  8.1558131e-02  3.5694730e-02 -3.0646840e-01  3.7613835e-02]",congolese hip hop and rap
"[-5.4567413e+00  2.0751486e+00  2.5553196e+01  1.2634002e+00
 -7.5737548e+00  2.6776314e-01  6.6229753e+00 -6.0537589e-01
  3.3448908e+00 -1.2781884e-01 -9.8532593e-01 -2.8245571e-01
  1.9719311e+00 -8.9754663e-02 -8.6737998e-02 -1.8408866e-01
 -5.1937681e-01 -2.3207854e-01  6.5583134e-01 -1.6689463e-01
 -2.4921733e-01 -2.1391074e-01 -3.3649826e-01 -1.2929372e-01
  1.9032115e-01 -2.0451720e-01 -1.0165952e-01 -2.0206621e-01
 -1.4277343e-01 -2.0109792e-01  1.8166002e-02 -1.8204311e-01
  2.6488302e-02 -1.6988350e-01 -6.4684767e-01 -1.7327505e-01
  1.7791460e-01 -1.8465959e-01 -3.8608184e-01 -2.2603102e-01]",congolese hip hop and rap
"[ 3.03200388e+00  3.04259920e+00  2.43959293e+01 -3.17913115e-01
 -7.68108416e+00  2.09327117e-01  6.50270414e+00 -4.02734905e-01
  1.95279145e+00  1.59467161e-01 -4.81262654e-01 -2.55979955e-01
  2.78352141e+00 -9.04103443e-02  4.36868876e-01 -1.28583923e-01
  1.37561753e-01 -1.38698384e-01  9.51483667e-01 -1.19374163e-01
  1.19896710e-01 -1.37996137e-01 -1.59997325e-02 -1.16618745e-01
  3.44327867e-01 -1.45021424e-01 -9.23558176e-02 -7.99215734e-02
  3.36045064e-02 -1.60292432e-01 -2.53273379e-02 -1.13350660e-01
 -1.90745473e-01 -1.29721448e-01 -8.14368546e-01 -1.32123530e-01
 -1.89256687e-02 -9.80671346e-02 -6.72910571e-01 -1.21075667e-01]",congolese hip hop and rap
"[-1.58934555e+01  5.15067482e+00  2.19856415e+01  3.74816626e-01
 -7.62705326e+00  2.80992240e-01  6.54862547e+00 -5.36887646e-01
  1.96998060e+00 -2.78462097e-02 -9.85650539e-01 -2.56332427e-01
  2.33202004e+00 -8.99791121e-02 -3.51187468e-01 -2.19461881e-02
 -3.97357881e-01 -5.34349903e-02  7.46630907e-01 -2.88045425e-02
 -2.47649953e-01 -8.00734386e-02 -3.71331334e-01 -7.64309019e-02
  2.06517771e-01 -1.67530045e-01 -1.22940585e-01 -1.28605828e-01
 -2.24162951e-01 -2.34020546e-01  1.24802858e-01 -2.13661358e-01
  5.43252081e-02 -2.39857897e-01 -6.43252313e-01 -2.50571072e-01
  3.78714949e-01 -2.29402959e-01 -3.35645705e-01 -2.50565469e-01]",congolese hip hop and rap
"[-6.7446523e+00  3.4851575e+00  2.5536356e+01  4.3242235e-02
 -5.9406495e+00  2.3107314e-01  5.6488214e+00 -5.5538690e-01
  2.1312380e+00 -1.3251697e-02 -2.9734831e-02 -3.1132716e-01
  2.9719477e+00 -1.5725601e-01  2.4120703e-01 -1.3899353e-01
  2.4510171e-01 -1.5319467e-01  6.4507794e-01 -8.8341564e-02
 -6.6722459e-01 -8.7177515e-02 -2.9009324e-01 -5.0214335e-02
  9.1086715e-02 -1.2194414e-01 -3.6734706e-01 -6.1796866e-02
  2.3144355e-01 -1.3076019e-01 -2.5689328e-01 -9.6435927e-02
 -3.5405889e-01 -1.0760151e-01 -5.4761577e-01 -9.3689539e-02
 -2.3824202e-01 -8.7435231e-02 -5.0103414e-01 -1.2538534e-01]",congolese hip hop and rap
"[-1.58934555e+01  5.15067482e+00  2.19856415e+01  3.74816626e-01
 -7.62705326e+00  2.80992240e-01  6.54862547e+00 -5.36887646e-01
  1.96998060e+00 -2.78462097e-02 -9.85650539e-01 -2.56332427e-01
  2.33202004e+00 -8.99791121e-02 -3.51187468e-01 -2.19461881e-02
 -3.97357881e-01 -5.34349903e-02  7.46630907e-01 -2.88045425e-02
 -2.47649953e-01 -8.00734386e-02 -3.71331334e-01 -7.64309019e-02
  2.06517771e-01 -1.67530045e-01 -1.22940585e-01 -1.28605828e-01
 -2.24162951e-01 -2.34020546e-01  1.24802858e-01 -2.13661358e-01
  5.43252081e-02 -2.39857897e-01 -6.43252313e-01 -2.50571072e-01
  3.78714949e-01 -2.29402959e-01 -3.35645705e-01 -2.50565469e-01]",congolese hip hop and rap
"[-3.0582321e-01  4.5253129e+00  2.6520811e+01 -2.7178821e-01
 -5.9359741e+00  9.0814330e-02  5.9252629e+00 -8.2957953e-01
  2.8421650e+00 -1.8262686e-02 -1.2602040e+00 -2.9507437e-01
  1.7210602e+00 -9.6238129e-02 -3.1073517e-01 -4.5647155e-02
 -5.5673903e-01 -1.4552499e-01  9.3986082e-01 -1.1572125e-01
  1.4205255e-01 -1.3572019e-01 -6.7282878e-02 -1.1024359e-01
  5.4040653e-01 -1.4666229e-01  1.9690700e-01 -1.0355959e-01
 -1.8289981e-02 -1.8017150e-01 -1.4492008e-01 -1.3325481e-01
  2.3962626e-01 -1.7441478e-01 -8.8278240e-01 -1.5929839e-01
  1.3740058e-01 -1.7665367e-01 -5.0009429e-01 -1.7417379e-01]",congolese hip hop and rap
"[-1.10822001e+01  3.26762176e+00  2.63647804e+01 -7.86658227e-01
 -1.47995448e+00  9.98483300e-02  5.73281765e+00 -5.69491208e-01
  1.07426524e+00  5.83683327e-02 -2.40461469e-01 -2.35337988e-01
  1.76979625e+00 -6.02203682e-02 -3.18400800e-01 -8.54067132e-02
 -1.91061273e-01 -1.05448455e-01  9.75465477e-02 -1.05326757e-01
 -4.84222442e-01 -1.21897988e-01  5.19477166e-02 -1.07602224e-01
  3.76931727e-01 -1.83477327e-01 -4.31061715e-01 -4.14593890e-02
 -3.48363072e-01 -2.46803030e-01 -3.23563159e-01  1.38199693e-02
 -1.86589003e-01 -2.47027855e-02 -5.19653022e-01 -2.57050872e-01
 -8.52227807e-02 -4.45192941e-02 -4.13738668e-01 -1.63022131e-01]",congolese hip hop and rap
"[-1.91183872e+01  4.36913586e+00  2.80294228e+01  5.44656634e-01
  1.66116357e-01  1.76251006e+00  1.50875187e+00 -1.90862462e-01
  2.71604800e+00 -3.38613570e-01 -2.56151915e-01 -3.00689548e-01
  1.04853690e+00 -3.58104944e-01  8.62495244e-01 -1.01756155e-01
 -9.48081762e-02 -1.30707189e-01  7.61570990e-01 -1.24196351e-01
  4.60608810e-01 -4.01401743e-02 -4.51160297e-02 -1.39424026e-01
  3.06745172e-01 -1.24810897e-01  1.09561041e-01 -7.11219900e-06
 -1.17822848e-01 -2.55958498e-01 -4.31416184e-01 -2.11453401e-02
  2.66534805e-01 -1.57375023e-01 -1.09738231e+00 -2.27634549e-01
 -7.77344853e-02 -1.15609586e-01 -4.71611321e-01 -1.39268428e-01]",congolese hip hop and rap
"[ 4.075321    4.8417487  23.658325    0.31073773 -7.0554414   0.3283738
  8.470242   -0.5115811   0.22390957  0.06953149 -0.23088227 -0.4614167
  2.4332683  -0.14832266 -1.0609863  -0.29710445  0.04688732 -0.20713687
  0.28898594 -0.2024788  -0.593325   -0.17965262 -0.23199436 -0.12385901
  0.05908656 -0.14531718 -0.49387628 -0.07706637  0.15634474 -0.11764438
 -0.05529564 -0.06064168 -0.6617314  -0.07432564 -0.07426909 -0.06378131
 -0.424257   -0.03240833 -0.5746752  -0.06749927]",congolese hip hop and rap
"[-1.03585167e+01  3.46681428e+00  2.48655014e+01  7.95287341e-02
 -5.38123703e+00 -2.21048854e-02  5.87833738e+00 -6.51026964e-01
  2.29307008e+00  3.14054154e-02  1.69994816e-01 -2.55924106e-01
  3.00017405e+00 -4.13791724e-02  8.95258319e-03 -6.99604377e-02
  4.02932733e-01 -1.43502876e-01  1.20623958e+00 -1.01345263e-01
 -3.89332324e-01 -1.78990155e-01 -1.06369898e-01 -1.41514242e-01
  3.45054895e-01 -1.99828461e-01 -3.61780167e-01 -1.18089594e-01
  1.86336696e-01 -2.07476437e-01 -6.11190610e-02 -9.27051082e-02
 -4.16342616e-02 -1.54349253e-01 -4.12434101e-01 -1.54946253e-01
  2.24969978e-03 -1.26599595e-01 -6.43880486e-01 -1.66105777e-01]",congolese hip hop and rap
"[ 1.73882675e+00  6.94406891e+00  1.59226980e+01  2.21869755e+00
 -7.52817965e+00  1.67096412e+00  8.46768093e+00  5.95347583e-01
 -3.15512848e+00  8.73825490e-01  1.58779776e+00  2.87214309e-01
  1.60304844e+00  3.92021745e-01 -1.75475729e+00  1.33124188e-01
  1.15228045e+00  2.16102883e-01 -3.41014624e-01  4.17548567e-02
 -8.09048355e-01  1.72133118e-01  1.07896246e-01 -8.51158053e-03
 -2.75661703e-02  1.24177918e-01 -1.66464067e+00 -5.71821518e-02
  1.34341979e+00  9.26942602e-02 -1.15855515e+00 -1.02430508e-01
 -2.54789084e-01  5.68646379e-02  7.38644779e-01 -1.31064698e-01
 -1.73640430e+00  3.08327265e-02  8.26440990e-01 -1.34007916e-01]",congolese hip hop and rap
"[-2.71417212e+00  2.47465059e-01  2.48679829e+01 -1.66599989e-01
 -5.89617586e+00  2.56654531e-01  7.47373915e+00 -8.71971175e-02
  1.28383338e+00  7.24890828e-02 -5.36613584e-01 -9.83684957e-02
  2.31741333e+00  2.51206313e-03 -6.13420129e-01 -6.06185151e-03
 -3.16754729e-01 -1.58607848e-02  5.19474030e-01 -3.32485400e-02
 -5.18026948e-01 -1.13570757e-01 -3.19683671e-01 -7.11220205e-02
  2.56650895e-01 -1.60376012e-01 -3.51841897e-01 -4.23479453e-02
 -1.24170527e-01 -8.78636613e-02 -4.95765395e-02  2.38780188e-03
 -4.34027426e-02 -4.13968926e-03 -3.40954214e-01 -1.00641459e-01
 -1.14469565e-01 -7.56490603e-02 -5.61949015e-01 -1.59736156e-01]",congolese hip hop and rap
"[-1.54681587e+01  3.72446537e+00  2.12955589e+01 -3.12240303e-01
 -5.06349325e+00 -2.92872369e-01  6.42381763e+00 -6.95949793e-01
  9.59244847e-01 -2.05536962e-01 -2.29272887e-01 -3.31858993e-01
  2.48528504e+00 -1.01604998e-01 -6.19602799e-01 -9.38770622e-02
  1.22830011e-01 -7.57484585e-02  7.38147259e-01 -2.90663615e-02
 -3.67463529e-01 -7.60065988e-02  1.31901249e-01 -2.50659473e-02
  2.18081728e-01 -9.55360681e-02 -7.15698302e-01 -1.83788557e-02
  1.10738814e-01 -9.10882726e-02 -2.55955786e-01 -4.09283116e-02
 -2.56492287e-01 -5.50400950e-02 -8.64699334e-02 -8.48697051e-02
 -5.92513084e-02 -4.15173769e-02 -5.20776629e-01 -1.15837120e-01]",congolese hip hop and rap
"[ 7.68606520e+00  1.63436353e+00  2.35073338e+01 -8.75030085e-02
 -9.92225552e+00  2.73423702e-01  6.96217823e+00 -1.71986490e-01
  1.68991172e+00  2.17946991e-01 -1.97905076e+00 -9.37950313e-02
  2.08286071e+00  4.40892763e-02  6.74912691e-01 -1.80057418e-02
 -3.33924323e-01  1.69523228e-02  8.41927767e-01 -4.11642017e-03
  2.67113507e-01 -3.52777988e-02 -1.90365106e-01 -1.20591733e-03
  4.68874760e-02 -5.05431034e-02  3.15175414e-01 -4.70856344e-03
 -1.61600247e-01 -5.19503132e-02 -4.06658828e-01 -6.16922565e-02
  4.92231101e-01 -6.58343732e-02 -1.09985995e+00 -8.90373513e-02
  4.29548733e-02 -7.91323856e-02 -2.71637052e-01 -1.18311375e-01]",congolese hip hop and rap
"[ 4.30697632e+00  6.66534185e-01  2.15018139e+01 -5.80518954e-02
 -8.99725056e+00  9.14184079e-02  7.87398624e+00  1.23986155e-02
 -9.66605484e-01  1.71496853e-01 -2.59287775e-01 -4.38643768e-02
  1.97532034e+00  4.15363386e-02 -8.34692478e-01  1.55679900e-02
  2.51352489e-01  6.42418936e-02  4.91809845e-01  2.46980879e-02
 -4.29293066e-01  7.34624919e-03 -1.29178077e-01 -3.23584341e-02
  3.68191183e-01 -1.08472236e-01 -4.70403016e-01 -1.88669767e-02
  5.54138534e-02 -4.66085523e-02  3.94607335e-02 -4.05641198e-02
 -5.84522307e-01 -5.59686348e-02  2.02799544e-01 -1.42121175e-02
 -4.84904408e-01 -7.15433657e-02 -3.81272733e-01 -1.39696494e-01]",congolese hip hop and rap
"[-8.2253418e+00  4.5619545e+00  2.4413658e+01 -2.1644190e-01
 -3.9926302e+00  8.7059289e-02  7.5118866e+00 -7.5396973e-01
  3.1072674e+00 -1.7350018e-02 -3.9541525e-01 -2.7859616e-01
  2.5885494e+00 -1.4273188e-01  3.9994359e-02 -4.9007159e-02
 -3.6395365e-01 -8.0140598e-02  7.4826932e-01 -3.6578279e-02
 -1.9327401e-01 -2.9065549e-02 -2.6203784e-01 -1.0035055e-02
  2.4465343e-01 -7.8195602e-02 -3.2941481e-01  4.7413751e-02
 -1.0971039e-01 -9.4614126e-02 -1.6040759e-01  3.2980613e-02
  7.9879150e-02 -8.3525322e-02 -7.3963273e-01 -7.5252339e-02
 -2.4641944e-02 -1.2030399e-01 -6.9868922e-01 -1.6620249e-01]",congolese hip hop and rap
"[ 1.73882675e+00  6.94406891e+00  1.59226980e+01  2.21869755e+00
 -7.52817965e+00  1.67096412e+00  8.46768093e+00  5.95347583e-01
 -3.15512848e+00  8.73825490e-01  1.58779776e+00  2.87214309e-01
  1.60304844e+00  3.92021745e-01 -1.75475729e+00  1.33124188e-01
  1.15228045e+00  2.16102883e-01 -3.41014624e-01  4.17548567e-02
 -8.09048355e-01  1.72133118e-01  1.07896246e-01 -8.51158053e-03
 -2.75661703e-02  1.24177918e-01 -1.66464067e+00 -5.71821518e-02
  1.34341979e+00  9.26942602e-02 -1.15855515e+00 -1.02430508e-01
 -2.54789084e-01  5.68646379e-02  7.38644779e-01 -1.31064698e-01
 -1.73640430e+00  3.08327265e-02  8.26440990e-01 -1.34007916e-01]",congolese hip hop and rap
"[-6.83976555e+00  6.64852667e+00  2.55753365e+01  1.67968047e+00
 -6.27442408e+00  1.83793259e+00  3.78903151e+00  2.63724513e-02
  2.81292701e+00  8.19209576e-01 -1.47294533e+00  2.51585335e-01
  1.06115532e+00 -5.35240048e-04 -1.90653130e-01  1.11040302e-01
 -6.27101600e-01 -4.32962459e-03  3.78453523e-01  4.16686498e-02
 -3.30556273e-01 -5.23802936e-02 -2.46387646e-01 -1.19894303e-01
  3.38081867e-01 -7.69750997e-02 -6.84162602e-02 -2.45321020e-02
 -6.27535582e-02 -2.18335971e-01  1.05030276e-01 -1.15733899e-01
 -2.80525349e-02 -1.27989471e-01 -7.44887829e-01 -9.72918570e-02
  2.79282629e-01 -1.97584599e-01 -4.96109277e-01 -1.50296047e-01]",congolese hip hop and rap
"[-6.24182     2.9680202  24.0804     -0.05957906 -9.339322    0.18328236
  5.7121515  -0.4962932   1.9445027  -0.04362487 -1.1320161  -0.24698606
  2.1531913  -0.10391196  0.04632111 -0.13283354 -0.5463962  -0.10439458
  0.38677067 -0.11348294 -0.1955716  -0.17091528 -0.14502224 -0.19166781
  0.22910318 -0.22669154 -0.05528242 -0.17085128 -0.3347215  -0.1668609
  0.05378704 -0.13740587 -0.11026417 -0.11316963 -0.69805866 -0.08115911
  0.02801809 -0.10278896 -0.43528122 -0.1294914 ]",congolese hip hop and rap
"[-2.2534595e+00  3.3955300e+00  2.5694180e+01 -1.6789156e-01
 -6.8385711e+00  3.3573547e-01  6.1718149e+00 -4.1643697e-01
  1.6198993e+00 -2.0278119e-02 -7.6826966e-01 -2.9564893e-01
  2.2265642e+00 -1.0804350e-01 -5.0550379e-02 -1.8265738e-01
  7.5146154e-02 -2.5821191e-01  7.6567852e-01 -2.2898629e-01
 -1.0775120e-01 -2.4241470e-01 -2.1878798e-03 -2.6179600e-01
  3.0358490e-01 -2.4323475e-01 -2.8093189e-01 -1.1854677e-01
 -6.7031421e-02 -1.2547149e-01 -1.4102502e-02 -6.8064943e-02
 -2.1401879e-01 -6.0271483e-02 -2.9157388e-01 -5.2853633e-02
 -5.4638438e-02 -1.0039217e-01 -5.4967600e-01 -1.4183737e-01]",congolese hip hop and rap
"[-6.097383    2.0815988  25.423235   -0.65806776 -5.4438486   0.3607881
  6.701875    0.14936855 -0.7537987   0.19054537 -0.40708652 -0.26584423
  2.713246   -0.14348105 -0.9683516  -0.06611469  0.29579577 -0.16201368
  0.7258431  -0.22838719 -0.38132355 -0.22140081  0.19189075 -0.14605212
  0.25168642 -0.16628231 -0.47119588 -0.16609931  0.41327804 -0.18922122
 -0.13431062 -0.1446229  -0.3713165  -0.15297146 -0.03989921 -0.15201446
 -0.21735804 -0.14907475 -0.44534373 -0.13698025]",congolese hip hop and rap
"[-2.865744    4.6331916  21.982597    0.4364285  -7.2807407   0.17350788
  8.785225   -0.42095798  0.5135131   0.0898388  -0.6047633  -0.32211065
  1.2636443   0.04582452 -1.4885269  -0.14319734  0.16768928 -0.09529779
  0.03579461 -0.07236305 -0.8619715  -0.10398852  0.15073892 -0.07976469
  0.28042623 -0.10748629 -0.4511197  -0.07382857  0.28941545 -0.12496403
 -0.11276823 -0.0517245  -0.48114398 -0.12275908  0.1132294  -0.08427362
 -0.55607986 -0.08651014 -0.48510158 -0.12695782]",congolese hip hop and rap
"[-15.66376      5.7844367   19.939913     1.2217373   -6.1229715
   0.3914448    8.563653    -0.06719689  -0.11765325   0.11123867
   0.6735344   -0.32397184   2.7044876   -0.02237397  -0.9302207
  -0.24784423   0.47268593  -0.19202575   0.13451765  -0.15749514
  -0.22360604  -0.22297601   0.34330758  -0.16868748   0.55549204
  -0.21220666  -0.23502338  -0.11920767   0.72425044  -0.24266104
  -0.14590189  -0.07798333  -0.78512037  -0.17371291   0.45102346
  -0.17868184  -0.7886614   -0.06966586  -0.24091645  -0.24249795]",congolese hip hop and rap
"[-3.8993261e+00  2.8291249e+00  2.1397268e+01  4.1105902e-01
 -8.2052498e+00  1.8351908e-01  8.3824978e+00 -2.9059362e-01
 -2.7487305e-01  4.5710944e-02 -5.3175539e-02 -3.0437514e-01
  2.6044877e+00 -1.4650165e-01 -3.3801827e-01 -2.5568658e-01
  9.4154519e-01 -2.4155436e-01  1.0177902e+00 -2.5254813e-01
  2.0698432e-02 -2.7986237e-01  2.3928377e-01 -2.1011043e-01
  4.1453052e-01 -2.5949755e-01 -4.0067071e-01 -1.5941945e-01
  2.8670803e-01 -2.1548107e-01  3.9478304e-04 -1.5986717e-01
 -3.6685923e-01 -1.7532852e-01  9.9508338e-02 -2.0077546e-01
 -2.8935573e-01 -1.8625671e-01 -4.1271648e-01 -2.6281601e-01]",congolese hip hop and rap
"[-1.48358850e+01  5.05677271e+00  2.96123238e+01  7.29530901e-02
 -3.02185726e+00  1.63495994e+00  1.10734431e-02 -4.37491924e-01
  5.94798136e+00  2.36384034e-01  7.04289436e-01  3.73684496e-01
 -1.08641160e+00 -2.88426399e-01  1.10680211e+00 -2.45952234e-02
  5.45609057e-01  2.08590608e-02 -7.07826674e-01 -1.87880918e-01
 -2.76060462e-01 -4.66659442e-02  3.13247591e-01 -8.59156698e-02
  4.97836955e-02 -1.62308037e-01 -4.39885795e-01  1.92099717e-02
 -1.11011446e-01 -2.05937609e-01  9.66718271e-02 -5.10000587e-02
 -7.91187957e-02 -6.53384849e-02 -9.14921165e-01 -1.23140715e-01
  2.20151376e-02 -1.23842329e-01 -2.81146407e-01 -7.96563774e-02]",congolese hip hop and rap
"[-1.8309719e+01  7.3637986e+00  2.0318645e+01  2.2453377e+00
 -6.0928597e+00  1.7940468e+00  6.3273945e+00  6.4031345e-01
  4.7967008e-01  9.0261477e-01 -1.5409766e+00  3.0727780e-01
  2.3460610e+00  3.1183359e-01 -2.2218637e-01  1.7741154e-01
  1.1633475e-01  1.5088962e-02  4.1660264e-01  4.1333348e-02
 -6.4259864e-02 -8.4109582e-02  8.6077225e-01 -5.0677571e-02
  2.6814908e-01 -1.0960100e-01 -7.6827389e-01 -1.3549059e-02
  1.5078323e-01 -8.1593350e-02 -2.9039374e-01  6.1876038e-03
  2.7747479e-01 -3.2984477e-02 -4.2200723e-01 -6.0934510e-02
 -3.3373532e-01 -3.8727305e-03 -3.4174001e-01 -1.1192740e-01]",congolese hip hop and rap
"[-8.78816843e-01  4.42863083e+00  2.64988918e+01  3.01800758e-01
 -8.50372028e+00  2.87054330e-01  4.37949181e+00 -2.89744258e-01
  2.65235090e+00  3.47586066e-01 -3.54144275e-01 -3.69857192e-01
  1.90086329e+00  1.32363990e-01 -7.91221023e-01  7.06907436e-02
 -2.94637650e-01 -1.06423356e-01  7.38401473e-01  4.30634096e-02
 -8.16157401e-01 -7.25126341e-02 -4.23099011e-01 -5.33399545e-02
  5.41714370e-01 -1.05693519e-01 -5.11139274e-01  2.18563825e-02
 -6.85623229e-01 -1.44993559e-01  1.89913303e-01 -6.72064126e-02
  1.95737302e-01 -1.90944392e-02 -1.03480601e+00 -1.47814170e-01
  8.51955041e-02 -3.92964743e-02 -4.56686527e-01 -1.14360832e-01]",congolese hip hop and rap
"[-6.12369537e+00  2.54285312e+00  2.55572357e+01 -2.02361360e-01
 -8.38176727e+00  6.41569912e-01  5.10174608e+00 -1.38674796e-01
  1.56239128e+00  1.74053367e-02 -4.69766289e-01 -9.81015265e-02
  1.74324751e+00  2.44002766e-03 -4.24169272e-01 -1.69146135e-01
  6.91695333e-01 -1.37372226e-01  5.99777222e-01 -1.35542704e-02
 -7.31156468e-01 -1.34480312e-01 -1.98706836e-02 -1.36500239e-01
  3.68210196e-01 -9.97225493e-02 -5.13080537e-01 -2.70895772e-02
 -4.27748486e-02 -1.82316601e-01  3.81927013e-01 -1.09800369e-01
 -2.48191372e-01 -5.52777946e-02 -5.17385125e-01 -1.17426835e-01
  2.81076640e-01 -1.24966532e-01 -5.32441735e-01 -1.24684826e-01]",congolese hip hop and rap
"[-1.46517134e+01  2.86547232e+00  2.45190086e+01 -2.45010424e-02
 -6.10539055e+00  2.16382295e-01  5.60516548e+00 -2.21723139e-01
  1.73265409e+00 -4.09554876e-02 -4.48549569e-01 -2.07674742e-01
  2.67028809e+00 -1.62834078e-01 -1.52213544e-01 -1.63569868e-01
 -1.61745101e-01 -2.03389689e-01  7.65069962e-01 -1.76478267e-01
  4.76219654e-02 -1.78214356e-01  2.27032557e-01 -1.43492907e-01
  2.01539814e-01 -1.67160600e-01 -5.48056781e-01 -1.07714124e-01
 -1.77004412e-01 -1.51089936e-01 -1.86514378e-01 -7.69471675e-02
 -9.81565714e-02 -7.90609270e-02 -1.24080993e-01 -1.23084597e-01
 -1.51836395e-01 -1.09848760e-01 -6.03394985e-01 -1.62257135e-01]",congolese hip hop and rap
"[ 7.3541999e-01  3.8663614e+00  2.4476408e+01 -1.8667459e-01
 -7.5076880e+00  1.9821779e-01  7.3069520e+00 -4.2990321e-01
  1.1751935e+00  1.9346905e-01 -6.3078594e-01 -2.2981654e-01
  2.2696469e+00  4.3864450e-03 -6.5191329e-01 -1.0495241e-01
 -7.7656984e-02 -1.0361460e-01  3.9361694e-01 -9.1886871e-02
 -4.4954896e-01 -1.2136071e-01 -1.9693638e-01 -8.5207336e-02
  2.4786428e-01 -1.3967651e-01 -3.4149727e-01 -6.7909189e-02
 -1.4011142e-01 -1.2953123e-01  2.1242994e-01 -8.6495146e-02
 -4.3905059e-01 -9.3129344e-02 -2.6257634e-01 -1.0438611e-01
 -1.1552874e-01 -8.8196315e-02 -9.1079128e-01 -1.0446732e-01]",congolese hip hop and rap
"[-3.3298090e+00  2.7174098e+00  2.4245661e+01  7.2533661e-01
 -7.4973660e+00  3.0923801e-02  7.1353469e+00 -1.0315468e-01
  1.9130361e-01  1.8451074e-02  2.1028876e-02 -3.7871608e-01
  2.3429081e+00  6.4203413e-03 -3.2070494e-01 -4.8895368e-01
  1.0286349e+00 -2.0391931e-01  1.9541672e-01 -2.1981921e-02
 -8.6696172e-01 -1.9174261e-01  5.5280614e-01 -2.5888488e-01
  5.3330427e-01 -1.3777357e-01 -8.4408909e-01 -1.1462493e-01
  4.4141644e-01 -2.6090634e-01 -2.5219560e-01  3.4950578e-03
 -3.7174979e-01 -2.8240255e-01 -3.9384831e-02 -3.8463362e-02
 -5.5479699e-01 -1.5209837e-01  1.3247441e-02 -2.5317430e-01]",congolese hip hop and rap
"[-1.8703611e+01  4.6690602e+00  3.1048864e+01 -1.2002497e+00
  4.4965725e+00  1.6688444e-01 -1.0669755e+00 -5.3766567e-01
  1.2232745e+00 -2.1093105e-01  1.8956357e+00  1.4162606e-01
  1.2161816e+00  1.8800741e-01 -1.1976193e-01  2.7826017e-01
 -1.2286499e+00  2.4380191e-01 -4.5080093e-01  4.1087229e-02
  7.8328484e-01 -9.8273195e-02  1.9975969e-01 -1.3457978e-01
 -7.8351635e-01 -1.4958309e-01 -1.1647881e-01 -1.6539441e-01
  6.9160008e-01 -3.1733102e-01 -2.8683308e-01  6.2629543e-03
  5.2212633e-02 -6.4254902e-02 -7.7505177e-01 -1.8481751e-01
  1.4482203e-01 -3.4701254e-02 -3.4510699e-01 -1.0617902e-01]",congolese hip hop and rap
"[-1.61061525e+00  2.06115341e+00  2.77736340e+01 -3.28189999e-01
 -9.63640881e+00  1.00006604e+00  3.91701722e+00  3.95831019e-01
  1.95608127e+00  2.46683732e-01 -1.50483954e+00 -2.05867767e-01
  2.14974380e+00 -2.13545430e-02  5.99347889e-01 -1.17059842e-01
 -3.13278377e-01 -2.67493427e-01  5.43193638e-01 -2.08571404e-01
 -6.75868541e-02 -2.62077957e-01 -1.94631055e-01 -2.69366235e-01
  2.39110738e-01 -2.28734061e-01  1.31061539e-01 -2.88286991e-02
 -3.20139110e-01 -1.86546788e-01 -1.16324484e-01 -2.70229906e-01
  2.59120286e-01 -1.40171826e-01 -7.97840118e-01 -9.34632197e-02
 -6.81824833e-02 -1.04154028e-01 -2.40414992e-01 -1.69921085e-01]",congolese hip hop and rap
"[-1.60943997e+00  2.05831051e+00  2.77726536e+01 -3.21211785e-01
 -9.63873768e+00  1.00127518e+00  3.92114258e+00  3.95935476e-01
  1.95209837e+00  2.47428298e-01 -1.50086653e+00 -2.07561776e-01
  2.15080142e+00 -2.15971377e-02  5.95826983e-01 -1.18140556e-01
 -3.08319479e-01 -2.68343896e-01  5.44056773e-01 -2.06909522e-01
 -7.05265775e-02 -2.63016284e-01 -1.94355845e-01 -2.70098716e-01
  2.40514979e-01 -2.26758987e-01  1.25710472e-01 -2.75556482e-02
 -3.13961804e-01 -1.86741516e-01 -1.17511109e-01 -2.69792199e-01
  2.67344564e-01 -1.40124053e-01 -8.05020332e-01 -9.28901881e-02
 -6.50582910e-02 -1.05184861e-01 -2.40256384e-01 -1.68765530e-01]",congolese hip hop and rap
"[-1.95499277e+00  3.19638991e+00  2.46407642e+01  1.08256966e-01
 -6.41979218e+00  3.38718817e-02  7.36000776e+00 -4.82280374e-01
  1.43582237e+00  7.28685455e-03 -9.05544758e-01 -3.12212378e-01
  2.42757869e+00 -1.38563931e-01 -5.13600260e-02 -2.40172416e-01
  2.67748415e-01 -2.86000043e-01  6.94394112e-01 -2.49180153e-01
 -3.65924954e-01 -2.37105444e-01  4.76997979e-02 -1.88849017e-01
  3.76116633e-01 -2.17047408e-01 -3.65451217e-01 -1.80864960e-01
  6.54806435e-01 -2.53535628e-01  1.29317611e-01 -2.30217025e-01
  3.32746506e-01 -2.29252636e-01 -1.33812442e-01 -2.35709563e-01
  3.02137434e-01 -1.77353412e-01 -3.93768996e-01 -2.07830474e-01]",congolese hip hop and rap
"[-4.1310592e+00  5.0010741e-01  2.5081575e+01  5.9099656e-01
 -5.5587802e+00  1.3356405e-01  7.8276320e+00 -2.4942400e-01
  1.4679426e+00  6.9527663e-02 -6.4856720e-01 -5.5609163e-02
  2.0487223e+00 -2.1239202e-02 -9.3230808e-01 -9.6823037e-02
 -3.6715132e-01 -8.7082744e-02  4.4301721e-01 -1.0330160e-01
 -5.3682786e-01 -1.4595865e-01 -2.1675694e-01 -6.4818583e-02
  6.5511435e-02 -1.7694116e-01 -5.1405555e-01 -1.0839935e-01
  2.6611507e-01 -1.5963495e-01  2.0735997e-01 -1.6727671e-01
 -7.5721763e-02 -1.3115263e-01 -2.2298132e-01 -1.6809964e-01
  7.3770583e-02 -1.7504863e-01 -4.5310336e-01 -1.9509171e-01]",congolese hip hop and rap
